PassengerId,Survived,Pclass,Name,Sex,Age
1,0,3,Panula Master. Eino Viljami,male,1
2,0,3,Braund Mr. Owen Harris,male,22
3,1,3,Johnson Miss. Eleanor Ileen,female,1
4,1,1,Cumings Mrs. John Bradley (Florence Briggs Thayer),female,38
5,1,2,Becker Master. Richard F,male,1
6,1,3,Heikkinen Miss. Laina,female,26
7,1,1,Futrelle Mrs. Jacques Heath (Lily May Peel),female,35
8,0,3,Allen Mr. William Henry,male,35
9,0,1,McCarthy Mr. Timothy J,male,54
10,0,3,Palsson Master. Gosta Leonard,male,2
11,1,3,Johnson Mrs. Oscar W (Elisabeth Vilhelmina Berg),female,27
12,1,2,Nasser Mrs. Nicholas (Adele Achem),female,14
13,1,3,Sandstrom Miss. Marguerite Rut,female,4
14,1,1,Bonnell Miss. Elizabeth,female,58
15,0,3,Saundercock Mr. William Henry,male,20
16,0,3,Andersson Mr. Anders Johan,male,39
17,0,3,Vestrom Miss. Hulda Amanda Adolfina,female,14
18,1,2,Hewlett Mrs. (Mary D Kingcome) ,female,55
19,0,3,Rice Master. Eugene,male,2
20,0,3,Vander Planke Mrs. Julius (Emelia Maria Vandemoortele),female,31
21,0,2,Fynney Mr. Joseph J,male,35
22,1,2,Beesley Mr. Lawrence,male,34
23,1,3,"McGowan Miss. Anna ""Annie""",female,15
24,1,1,Sloper Mr. William Thompson,male,28
25,0,3,Palsson Miss. Torborg Danira,female,8
26,1,3,Asplund Mrs. Carl Oscar (Selma Augusta Emilia Johansson),female,38
27,0,1,Fortune Mr. Charles Alexander,male,19
28,0,1,Uruchurtu Don. Manuel E,male,40
29,0,2,Wheadon Mr. Edward H,male,66
30,0,1,Meyer Mr. Edgar Joseph,male,28
31,0,1,Holverson Mr. Alexander Oskar,male,42
32,0,3,Cann Mr. Ernest Charles,male,21
33,0,3,Vander Planke Miss. Augusta Maria,female,18
34,1,3,Nicola-Yarred Miss. Jamila,female,14
35,0,3,Ahlin Mrs. Johan (Johanna Persdotter Larsson),female,40
36,0,2,Turpin Mrs. William John Robert (Dorothy Ann Wonnacott),female,27
37,1,2,Laroche Miss. Simonne Marie Anne Andree,female,3
38,1,3,Devaney Miss. Margaret Delia,female,19
39,0,3,Arnold-Franchi Mrs. Josef (Josefine Franchi),female,18
40,0,3,Panula Master. Juha Niilo,male,7
41,0,3,Nosworthy Mr. Richard Cater,male,21
42,1,1,Harper Mrs. Henry Sleeper (Myna Haxtun),female,49
43,1,2,Faunthorpe Mrs. Lizzie (Elizabeth Anne Wilkinson),female,29
44,0,1,Ostby Mr. Engelhart Cornelius,male,65
45,1,2,Rugg Miss. Emily,female,21
46,1,2,West Miss. Constance Mirium,female,5
47,0,3,Goodwin Master. William Frederick,male,11
48,0,3,Sirayanian Mr. Orsen,male,22
49,1,1,Icard Miss. Amelie,female,38
50,0,1,Harris Mr. Henry Birkhardt,male,45
51,0,3,Skoog Master. Harald,male,4
52,1,2,Nye Mrs. (Elizabeth Ramell),female,29
53,0,3,Crease Mr. Ernest James,male,19
54,1,3,Andersson Miss. Erna Alexandra,female,17
55,0,3,Kink Mr. Vincenz,male,26
56,0,2,Jenkin Mr. Stephen Curnow,male,32
57,0,3,Goodwin Miss. Lillian Amy,female,16
58,0,2,Hood Mr. Ambrose Jr,male,21
59,0,3,Chronopoulos Mr. Apostolos,male,26
60,1,3,Bing Mr. Lee,male,32
61,0,3,Moen Mr. Sigurd Hansen,male,25
62,1,3,Dowdell Miss. Elizabeth,female,30
63,0,3,Waelens Mr. Achille,male,22
64,1,3,Sheerlinck Mr. Jan Baptist,male,29
65,0,1,Carrau Mr. Francisco M,male,28
66,1,2,Ilett Miss. Bertha,female,17
67,1,3,Backstrom Mrs. Karl Alfred (Maria Mathilda Gustafsson),female,33
68,0,3,Ford Mr. William Neal,male,16
69,1,1,Fortune Miss. Mabel Helen,female,23
70,0,3,Celotti Mr. Francesco,male,24
71,0,3,Christmann Mr. Emil,male,29
72,0,3,Andreasson Mr. Paul Edvin,male,20
73,0,1,Chaffee Mr. Herbert Fuller,male,46
74,0,3,Dean Mr. Bertram Frank,male,26
75,0,3,Coxon Mr. Daniel,male,59
76,0,1,Goldschmidt Mr. George B,male,71
77,1,1,Greenfield Mr. William Bertram,male,23
78,1,2,Doling Mrs. John T (Ada Julia Bone),female,34
79,0,2,Kantor Mr. Sinai,male,34
80,0,3,Petranec Miss. Matilda,female,28
81,0,1,White Mr. Richard Frasar,male,21
82,0,3,Johansson Mr. Gustaf Joel,male,33
83,0,3,Gustafsson Mr. Anders Vilhelm,male,37
84,0,3,Mionoff Mr. Stoytcho,male,28
85,1,3,Salkjelsvik Miss. Anna Kristine,female,21
86,0,3,Rekic Mr. Tido,male,38
87,0,1,Porter Mr. Walter Chamberlain,male,47
88,0,3,Barton Mr. David John,male,22
89,0,3,Jussila Miss. Katriina,female,20
90,0,3,Attalah Miss. Malake,female,17
91,0,3,Pekoniemi Mr. Edvard,male,21
92,0,2,Turpin Mr. William John Robert,male,29
93,0,1,Baxter Mr. Quigg Edmond,male,24
94,0,3,Andersson Miss. Ellis Anna Maria,female,2
95,0,2,Hickman Mr. Stanley George,male,21
96,0,1,White Mr. Percival Wayland,male,54
97,1,3,Nicola-Yarred Master. Elias,male,12
98,1,3,Madsen Mr. Fridtjof Arne,male,24
99,0,3,Ekstrom Mr. Johan,male,45
100,0,3,Drazenoic Mr. Jozef,male,33
101,0,3,Coelho Mr. Domingos Fernandeo,male,20
102,0,3,Robins Mrs. Alexander A (Grace Charity Laury),female,47
103,1,2,Weisz Mrs. Leopold (Mathilde Francoise Pede),female,29
104,0,2,Sobey Mr. Samuel James Hayden,male,25
105,0,2,Richard Mr. Emile,male,23
106,1,1,Newsom Miss. Helen Monypeny,female,19
107,0,1,Futrelle Mr. Jacques Heath,male,37
108,0,3,Osen Mr. Olaf Elon,male,16
109,0,1,Giglio Mr. Victor,male,24
110,1,3,Nysten Miss. Anna Sofia,female,22
111,1,3,Hakkarainen Mrs. Pekka Pietari (Elin Matilda Dolck),female,24
112,0,3,Burke Mr. Jeremiah,male,19
113,0,2,Andrew Mr. Edgardo Samuel,male,18
114,0,2,Nicholls Mr. Joseph Charles,male,19
115,1,3,"Andersson Mr. August Edvard (""Wennerstrom"")",male,27
116,0,3,"Ford Miss. Robina Maggie ""Ruby""",female,9
117,0,2,Byles Rev. Thomas Roussel Davids,male,42
118,0,2,Bateman Rev. Robert James,male,51
119,1,1,Pears Mrs. Thomas (Edith Wearne),female,22
120,0,1,Williams Mr. Charles Duane,male,51
121,1,3,"Gilnagh Miss. Katherine ""Katie""",female,16
122,0,3,Corn Mr. Harry,male,30
123,0,3,Cribb Mr. John Hatfield,male,44
124,1,2,"Watt Mrs. James (Elizabeth ""Bessie"" Inglis Milne)",female,40
125,0,3,Bengtsson Mr. John Viktor,male,26
126,0,3,Calic Mr. Jovo,male,17
127,1,3,"Goldsmith Master. Frank John William ""Frankie""",male,9
128,0,3,Skoog Mrs. William (Anna Bernhardina Karlsson),female,45
129,0,3,Ling Mr. Lee,male,28
130,0,1,Van der hoef Mr. Wyckoff,male,61
131,0,3,Rice Master. Arthur,male,4
132,0,3,Sivola Mr. Antti Wilhelm,male,21
133,0,1,Smith Mr. James Clinch,male,56
134,0,3,Klasen Mr. Klas Albin,male,18
135,0,1,Isham Miss. Ann Elizabeth,female,50
136,0,2,Hale Mr. Reginald,male,30
137,0,3,Leonard Mr. Lionel,male,36
138,0,3,Asplund Master. Clarence Gustaf Hugo,male,9
139,1,3,Kink-Heilmann Miss. Luise Gretchen,female,4
140,1,1,"Romaine Mr. Charles Hallace (""Mr C Rolmane"")",male,45
141,0,3,Bourke Mr. John,male,40
142,0,3,Turcin Mr. Stjepan,male,36
143,1,2,Pinsky Mrs. (Rosa),female,32
144,0,2,Carbines Mr. William,male,19
145,1,3,Andersen-Jensen Miss. Carla Christine Nielsine,female,19
146,1,2,Navratil Master. Michel M,male,3
147,1,1,Brown Mrs. James Joseph (Margaret Tobin),female,44
148,1,1,Lurette Miss. Elise,female,58
149,0,3,Olsen Mr. Karl Siegwart Andreas,male,42
150,0,2,"Yrois Miss. Henriette (""Mrs Harbeck"")",female,24
151,0,3,Vande Walle Mr. Nestor Cyriel,male,28
152,0,3,Johanson Mr. Jakob Alfred,male,34
153,1,3,"Cohen Mr. Gurshon ""Gus""",male,18
154,0,3,Strom Miss. Telma Matilda,female,2
155,0,3,Backstrom Mr. Karl Alfred,male,32
156,1,3,Albimona Mr. Nassef Cassem,male,26
157,1,3,"Carr Miss. Helen ""Ellen""",female,16
158,1,1,Blank Mr. Henry,male,40
159,0,3,Ali Mr. Ahmed,male,24
160,1,2,Cameron Miss. Clear Annie,female,35
161,0,3,Perkin Mr. John Henry,male,22
162,0,2,Givard Mr. Hans Kristensen,male,30
163,1,1,Newell Miss. Madeleine,female,31
164,1,3,Honkanen Miss. Eliina,female,27
165,0,2,Jacobsohn Mr. Sidney Samuel,male,42
166,1,1,Bazzani Miss. Albina,female,32
167,0,2,Harris Mr. Walter,male,30
168,1,3,Sunderland Mr. Victor Francis,male,16
169,0,2,Bracken Mr. James H,male,27
170,0,3,Green Mr. George Henry,male,51
171,1,1,Hoyt Mr. Frederick Maxfield,male,38
172,0,3,Berglund Mr. Karl Ivar Sven,male,22
173,1,2,Mellors Mr. William John,male,19
174,0,2,Fahlstrom Mr. Arne Jonas,male,18
175,1,1,Harris Mrs. Henry Birkhardt (Irene Wallach),female,35
176,0,3,Larsson Mr. Bengt Edvin,male,29
177,0,2,Sjostedt Mr. Ernst Adolf,male,59
178,1,3,Asplund Miss. Lillian Gertrud,female,5
179,0,2,Leyson Mr. Robert William Norman,male,24
180,0,2,Hold Mr. Stephen,male,44
181,1,2,"Collyer Miss. Marjorie ""Lottie""",female,8
182,0,2,Pengelly Mr. Frederick William,male,19
183,0,2,Hunt Mr. George Henry,male,33
184,0,2,Coleridge Mr. Reginald Charles,male,29
185,0,3,Maenpaa Mr. Matti Alexanteri,male,22
186,0,3,Attalah Mr. Sleiman,male,30
187,0,1,Minahan Dr. William Edward,male,44
188,0,3,Lindahl Miss. Agda Thorilda Viktoria,female,25
189,1,2,Hamalainen Mrs. William (Anna),female,24
190,1,1,Beckwith Mr. Richard Leonard,male,37
191,0,2,Carter Rev. Ernest Courtenay,male,54
192,0,3,Strom Mrs. Wilhelm (Elna Matilda Persson),female,29
193,0,1,Stead Mr. William Thomas,male,62
194,0,3,Lobb Mr. William Arthur,male,30
195,0,3,Rosblom Mrs. Viktor (Helena Wilhelmina),female,41
196,1,3,Touma Mrs. Darwis (Hanne Youssef Razi),female,29
197,1,1,Cherry Miss. Gladys,female,30
198,1,1,Ward Miss. Anna,female,35
199,1,2,Parrish Mrs. (Lutie Davis),female,50
200,1,3,Asplund Master. Edvin Rojj Felix,male,3
201,0,1,Taussig Mr. Emil,male,52
202,0,1,Harrison Mr. William,male,40
203,0,2,Reeves Mr. David,male,36
204,0,3,Panula Mr. Ernesti Arvid,male,16
205,1,3,Persson Mr. Ernst Ulrik,male,25
206,1,1,Graham Mrs. William Thompson (Edith Junkins),female,58
207,1,1,Bissette Miss. Amelia,female,35
208,1,3,Tornquist Mr. William Henry,male,25
209,1,2,Mellinger Mrs. (Elizabeth Anne Maidment),female,41
210,0,1,Natsch Mr. Charles H,male,37
211,1,1,Andrews Miss. Kornelia Theodosia,female,63
212,0,3,Lindblom Miss. Augusta Charlotta,female,45
213,0,3,Rice Master. Eric,male,7
214,1,3,Abbott Mrs. Stanton (Rosa Hunt),female,35
215,0,3,Duane Mr. Frank,male,65
216,0,3,Olsson Mr. Nils Johan Goransson,male,28
217,0,3,de Pelsmaeker Mr. Alfons,male,16
218,1,3,Dorking Mr. Edward Arthur,male,19
219,0,3,Stankovic Mr. Ivan,male,33
220,1,3,de Mulder Mr. Theodore,male,30
221,0,3,Naidenoff Mr. Penko,male,22
222,1,2,Hosono Mr. Masabumi,male,42
223,1,3,Connolly Miss. Kate,female,22
224,1,1,"Barber Miss. Ellen ""Nellie""",female,26
225,1,1,Bishop Mrs. Dickinson H (Helen Walton),female,19
226,0,2,Levy Mr. Rene Jacques,male,36
227,0,3,Haas Miss. Aloisia,female,24
228,0,3,Mineff Mr. Ivan,male,24
229,0,1,Allison Miss. Helen Loraine,female,2
230,1,1,Baxter Mrs. James (Helene DeLaudeniere Chaput),female,50
231,0,3,Johnson Mr. William Cahoone Jr,male,19
232,1,1,Penasco y Castellana Mrs. Victor de Satode (Maria Josefa Perez de Soto y Vallejo),female,17
233,0,2,Abelson Mr. Samuel,male,30
234,1,1,Francatelli Miss. Laura Mabel,female,30
235,1,1,Hays Miss. Margaret Bechstein,female,24
236,1,1,Ryerson Miss. Emily Borie,female,18
237,0,2,Lahtinen Mrs. William (Anna Sylfven),female,26
238,0,3,Hendekovic Mr. Ignjac,male,28
239,0,2,Hart Mr. Benjamin,male,43
240,1,3,Nilsson Miss. Helmina Josefina,female,26
241,1,2,Kantor Mrs. Sinai (Miriam Sternin),female,24
242,0,2,Moraweck Dr. Ernest,male,54
243,1,1,Wick Miss. Mary Natalie,female,31
244,1,1,Spedden Mrs. Frederic Oakley (Margaretta Corning Stone),female,40
245,0,3,Dennis Mr. Samuel,male,22
246,0,3,Danoff Mr. Yoto,male,27
247,1,2,Slayter Miss. Hilda Mary,female,30
248,1,2,Caldwell Mrs. Albert Francis (Sylvia Mae Harbaugh),female,22
249,1,1,Young Miss. Marie Grice,female,36
250,0,3,Nysveen Mr. Johan Hansen,male,61
251,1,2,Ball Mrs. (Ada E Hall),female,36
252,1,3,Goldsmith Mrs. Frank John (Emily Alice Brown),female,31
253,1,1,Hippach Miss. Jean Gertrude,female,16
254,0,1,Graham Mr. George Edward,male,38
255,0,3,Vander Planke Mr. Leo Edmondus,male,16
256,0,1,Pears Mr. Thomas Clinton,male,29
257,1,1,Burns Miss. Elizabeth Margaret,female,41
258,1,3,Dahl Mr. Karl Edwart,male,45
259,0,1,Blackwell Mr. Stephen Weart,male,45
260,1,2,Navratil Master. Edmond Roger,male,2
261,1,1,Fortune Miss. Alice Elizabeth,female,24
262,0,2,Collander Mr. Erik Gustaf,male,28
263,0,2,Sedgwick Mr. Charles Frederick Waddington,male,25
264,0,2,Fox Mr. Stanley Hubert,male,36
265,1,2,"Brown Miss. Amelia ""Mildred""",female,24
266,1,2,Smith Miss. Marion Elsie,female,40
267,1,3,"Coutts Master. William Loch ""William""",male,3
268,0,3,Dimic Mr. Jovan,male,42
269,0,3,Odahl Mr. Nils Martin,male,23
270,0,3,Elias Mr. Tannous,male,15
271,0,3,Arnold-Franchi Mr. Josef,male,25
272,0,3,Vanden Steen Mr. Leo Peter,male,28
273,1,1,Bowerman Miss. Elsie Edith,female,22
274,0,2,Funk Miss. Annie Clemmer,female,38
275,0,3,Skoog Mr. Wilhelm,male,40
276,0,2,del Carlo Mr. Sebastiano,male,29
277,0,3,Barbara Mrs. (Catherine David),female,45
278,0,3,Asim Mr. Adola,male,35
279,0,3,Adahl Mr. Mauritz Nils Martin,male,30
280,1,1,Warren Mrs. Frank Manley (Anna Sophia Atkinson),female,60
281,1,1,Aubart Mme. Leontine Pauline,female,24
282,1,1,Harder Mr. George Achilles,male,25
283,0,3,Wiklund Mr. Jakob Alfred,male,18
284,0,3,Beavan Mr. William Thomas,male,19
285,0,1,Ringhini Mr. Sante,male,22
286,0,3,Palsson Miss. Stina Viola,female,3
287,1,3,Landergren Miss. Aurora Adelia,female,22
288,0,1,Widener Mr. Harry Elkins,male,27
289,0,3,Betros Mr. Tannous,male,20
290,0,3,Gustafsson Mr. Karl Gideon,male,19
291,1,1,Bidois Miss. Rosalie,female,42
292,1,3,"Nakid Miss. Maria (""Mary"")",female,1
293,0,3,Tikkanen Mr. Juho,male,32
294,1,1,Holverson Mrs. Alexander Oskar (Mary Aline Towner),female,35
295,0,2,Davies Mr. Charles Henry,male,18
296,0,3,Goodwin Master. Sidney Leonard,male,1
297,1,2,Buss Miss. Kate,female,36
298,1,2,Lehmann Miss. Bertha,female,17
299,1,1,Carter Mr. William Ernest,male,36
300,1,3,Jansson Mr. Carl Olof,male,21
301,0,3,Gustafsson Mr. Johan Birger,male,28
302,1,1,Newell Miss. Marjorie,female,23
303,1,3,Sandstrom Mrs. Hjalmar (Agnes Charlotta Bengtsson),female,24
304,0,3,Johansson Mr. Erik,male,22
305,0,3,Olsson Miss. Elina,female,31
306,0,2,McKane Mr. Peter David,male,46
307,0,2,Pain Dr. Alfred,male,23
308,1,2,Trout Mrs. William H (Jessie L),female,28
309,1,3,Niskanen Mr. Juha,male,39
310,0,3,Adams Mr. John,male,26
311,0,3,Jussila Miss. Mari Aina,female,21
312,0,3,Hakkarainen Mr. Pekka Pietari,male,28
313,0,3,Oreskovic Miss. Marija,female,20
314,0,2,Gale Mr. Shadrach,male,34
315,0,3,Widegren Mr. Carl/Charles Peter,male,51
316,1,2,Richards Master. William Rowe,male,3
317,0,3,Birkeland Mr. Hans Martin Monsen,male,21
318,1,1,Minahan Miss. Daisy E,female,33
319,1,3,Sundman Mr. Johan Julian,male,44
320,1,2,Drew Mrs. James Vivian (Lulu Thorne Christian),female,34
321,1,2,Silven Miss. Lyyli Karoliina,female,18
322,0,2,Matthews Mr. William John,male,30
323,0,3,Van Impe Miss. Catharina,female,10
324,0,3,Charters Mr. David,male,21
325,0,3,Zimmerman Mr. Leo,male,29
326,0,3,Danbom Mrs. Ernst Gilbert (Anna Sigrid Maria Brogren),female,28
327,0,3,Rosblom Mr. Viktor Richard,male,18
328,1,2,Clarke Mrs. Charles V (Ada Maria Winfield),female,28
329,1,2,"Phillips Miss. Kate Florence (""Mrs Kate Louise Phillips Marshall"")",female,19
330,1,3,Pickard Mr. Berk (Berk Trembisky),male,32
331,1,1,Bjornstrom-Steffansson Mr. Mauritz Hakan,male,28
332,1,2,Louch Mrs. Charles Alexander (Alice Adelaide Slow),female,42
333,0,3,Kallio Mr. Nikolai Erland,male,17
334,0,1,Silvey Mr. William Baird,male,50
335,1,1,Carter Miss. Lucile Polk,female,14
336,0,3,"Ford Miss. Doolina Margaret ""Daisy""",female,21
337,1,2,Richards Mrs. Sidney (Emily Hocking),female,24
338,0,1,Fortune Mr. Mark,male,64
339,0,2,Kvillner Mr. Johan Henrik Johannesson,male,31
340,1,2,Hart Mrs. Benjamin (Esther Ada Bloomfield),female,45
341,0,3,Hampe Mr. Leon,male,20
342,0,3,Petterson Mr. Johan Emil,male,25
343,1,2,Reynaldo Ms. Encarnacion,female,28
344,1,1,Dodge Master. Washington,male,4
345,1,2,Mellinger Miss. Madeleine Violet,female,13
346,1,1,Seward Mr. Frederic Kimber,male,34
347,1,3,Baclini Miss. Marie Catherine,female,5
348,1,1,Peuchen Major. Arthur Godfrey,male,52
349,0,2,West Mr. Edwy Arthur,male,36
350,0,1,Foreman Mr. Benjamin Laventall,male,30
351,1,1,Goldenberg Mr. Samuel L,male,49
352,1,3,Jalsevac Mr. Ivan,male,29
353,0,1,Millet Mr. Francis Davis,male,65
354,1,2,Toomey Miss. Ellen,female,50
355,1,1,Anderson Mr. Harry,male,48
356,0,3,Morley Mr. William,male,34
357,0,1,Gee Mr. Arthur H,male,47
358,0,2,Milling Mr. Jacob Christian,male,48
359,0,3,Goncalves Mr. Manuel Estanslas,male,38
360,0,1,Smart Mr. John Montgomery,male,56
361,0,3,Cacic Mr. Luka,male,38
362,1,2,West Mrs. Edwy Arthur (Ada Mary Worth),female,33
363,1,2,Jerwan Mrs. Amin S (Marie Marthe Thuillard),female,23
364,0,3,Strandberg Miss. Ida Sofia,female,22
365,0,2,Renouf Mr. Peter Henry,male,34
366,0,3,Braund Mr. Lewis Richard,male,29
367,0,3,Karlsson Mr. Nils August,male,22
368,1,3,Hirvonen Miss. Hildur E,female,2
369,0,3,Goodwin Master. Harold Victor,male,9
370,0,3,Rouse Mr. Richard Henry,male,50
371,1,3,Turkula Mrs. (Hedwig),female,63
372,1,1,Bishop Mr. Dickinson H,male,25
373,1,1,Hoyt Mrs. Frederick Maxfield (Jane Anne Forby),female,35
374,0,1,Kent Mr. Edward Austin,male,58
375,0,3,Somerton Mr. Francis William,male,30
376,1,3,"Coutts Master. Eden Leslie ""Neville""",male,9
377,0,3,Windelov Mr. Einar,male,21
378,0,1,Molson Mr. Harry Markland,male,55
379,0,1,Artagaveytia Mr. Ramon,male,71
380,0,3,Stanley Mr. Edward Roland,male,21
381,1,1,Eustis Miss. Elizabeth Mussey,female,54
382,0,1,Allison Mrs. Hudson J C (Bessie Waldo Daniels),female,25
383,0,3,Svensson Mr. Olof,male,24
384,0,3,Calic Mr. Petar,male,17
385,0,3,Canavan Miss. Mary,female,21
386,0,3,Laitinen Miss. Kristina Sofia,female,37
387,1,1,Maioni Miss. Roberta,female,16
388,0,1,Penasco y Castellana Mr. Victor de Satode,male,18
389,1,2,Quick Mrs. Frederick Charles (Jane Richards),female,33
390,0,3,Olsen Mr. Henry Margido,male,28
391,1,3,Lang Mr. Fang,male,26
392,1,3,Daly Mr. Eugene Patrick,male,29
393,1,1,McGough Mr. James Robert,male,36
394,1,1,Rothschild Mrs. Martin (Elizabeth L. Barrett),female,54
395,0,3,Coleff Mr. Satio,male,24
396,0,1,Walker Mr. William Anderson,male,47
397,1,2,Lemore Mrs. (Amelia Milley),female,34
398,1,2,"Angle Mrs. William A (Florence ""Mary"" Agnes Hughes)",female,36
399,0,3,Pavlovic Mr. Stefo,male,32
400,1,1,Perreault Miss. Anne,female,30
401,0,3,Vovk Mr. Janko,male,22
402,1,1,Hippach Mrs. Louis Albert (Ida Sophia Fischer),female,44
403,1,2,Ridsdale Miss. Lucy,female,50
404,0,3,Salonen Mr. Johan Werner,male,39
405,0,2,Hocking Mr. Richard George,male,23
406,1,2,Quick Miss. Phyllis May,female,2
407,0,3,Elias Mr. Joseph Jr,male,17
408,0,3,Cacic Miss. Marija,female,30
409,1,2,Hart Miss. Eva Miriam,female,7
410,0,1,Butt Major. Archibald Willingham,male,45
411,1,1,LeRoy Miss. Bertha,female,30
412,1,1,Frolicher Miss. Hedwig Margaritha,female,22
413,1,1,Crosby Miss. Harriet R,female,36
414,0,3,Andersson Miss. Ingeborg Constanzia,female,9
415,0,3,Andersson Miss. Sigrid Elisabeth,female,11
416,1,2,Beane Mr. Edward,male,32
417,0,1,Douglas Mr. Walter Donald,male,50
418,0,1,Nicholson Mr. Arthur Ernest,male,64
419,1,2,Beane Mrs. Edward (Ethel Clarke),female,19
420,0,3,Goldsmith Mr. Frank John,male,33
421,1,2,Davies Master. John Morgan Jr,male,8
422,1,1,Thayer Mr. John Borland Jr,male,17
423,0,2,Sharp Mr. Percival James R,male,27
424,1,3,"Leeni Mr. Fahim (""Philip Zenni"")",male,22
425,1,3,Ohman Miss. Velin,female,22
426,0,1,Wright Mr. George,male,62
427,1,1,"Duff Gordon Lady. (Lucille Christiana Sutherland) (""Mrs Morgan"")",female,48
428,1,1,Taussig Mrs. Emil (Tillie Mandelbaum),female,39
429,1,3,de Messemaeker Mrs. Guillaume Joseph (Emma),female,36
430,0,3,Sivic Mr. Husein,male,40
431,0,2,Norman Mr. Robert Douglas,male,28
432,0,3,Davies Mr. Alfred J,male,24
433,0,3,Stoytcheff Mr. Ilia,male,19
434,0,3,Palsson Mrs. Nils (Alma Cornelia Berglund),female,29
435,1,3,Jonsson Mr. Carl,male,32
436,1,2,Harris Mr. George,male,62
437,1,1,Appleton Mrs. Edward Dale (Charlotte Lamson),female,53
438,1,1,"Flynn Mr. John Irwin (""Irving"")",male,36
439,0,3,Rush Mr. Alfred George John,male,16
440,0,3,Patchett Mr. George,male,19
441,1,2,Garside Miss. Ethel,female,34
442,1,1,Silvey Mrs. William Baird (Alice Munger),female,39
443,1,3,Jussila Mr. Eiriik,male,32
444,1,2,Christy Miss. Julie Rachel,female,25
445,1,1,Thayer Mrs. John Borland (Marian Longstreth Morris),female,39
446,0,2,Downton Mr. William James,male,54
447,0,1,Ross Mr. John Hugo,male,36
448,1,1,Taussig Miss. Ruth,female,18
449,0,2,Jarvis Mr. John Denzil,male,47
450,1,1,Frolicher-Stehli Mr. Maxmillian,male,60
451,0,3,Gilinski Mr. Eliezer,male,22
452,0,3,Rintamaki Mr. Matti,male,35
453,1,1,Stephenson Mrs. Walter Bertram (Martha Eustis),female,52
454,0,3,Elsbury Mr. William James,male,47
455,0,2,Chapman Mr. John Henry,male,37
456,0,3,Van Impe Mr. Jean Baptiste,male,36
457,0,3,Johnson Mr. Alfred,male,49
458,1,1,"Duff Gordon Sir. Cosmo Edmund (""Mr Morgan"")",male,49
459,1,2,Jacobsohn Mrs. Sidney Samuel (Amy Frances Christy),female,24
460,0,3,Torber Mr. Ernst William,male,44
461,1,1,"Homer Mr. Harry (""Mr E Haven"")",male,35
462,0,3,Lindell Mr. Edvard Bengtsson,male,36
463,0,3,Karaic Mr. Milan,male,30
464,1,1,Daniel Mr. Robert Williams,male,27
465,1,2,Laroche Mrs. Joseph (Juliette Marie Louise Lafargue),female,22
466,1,1,Shutes Miss. Elizabeth W,female,40
467,0,3,Andersson Mrs. Anders Johan (Alfrida Konstantia Brogren),female,39
468,0,3,Brocklebank Mr. William Alfred,male,35
469,1,2,Herman Miss. Alice,female,24
470,0,3,Danbom Mr. Ernst Gilbert,male,34
471,0,3,Lobb Mrs. William Arthur (Cordelia K Stanlick),female,26
472,1,2,Becker Miss. Marion Louise,female,4
473,0,2,Gavey Mr. Lawrence,male,26
474,0,3,Yasbeck Mr. Antoni,male,27
475,1,1,Kimball Mr. Edwin Nelson Jr,male,42
476,1,3,Nakid Mr. Sahid,male,20
477,0,3,Hansen Mr. Henry Damsgaard,male,21
478,0,3,"Bowen Mr. David John ""Dai""",male,21
479,0,1,Sutton Mr. Frederick,male,61
480,0,2,Kirkland Rev. Charles Leonard,male,57
481,1,1,Longley Miss. Gretchen Fiske,female,21
482,0,3,Bostandyeff Mr. Guentcho,male,26
483,1,1,Barkworth Mr. Algernon Henry Wilson,male,80
484,0,3,Lundahl Mr. Johan Svensson,male,51
485,1,1,Stahelin-Maeglin Dr. Max,male,32
486,0,3,Skoog Miss. Mabel,female,9
487,1,2,Davis Miss. Mary,female,28
488,0,3,Leinonen Mr. Antti Gustaf,male,32
489,0,2,Collyer Mr. Harvey,male,31
490,0,3,Panula Mrs. Juha (Maria Emilia Ojala),female,41
491,0,3,Jensen Mr. Hans Peder,male,20
492,1,1,Sagesser Mlle. Emma,female,24
493,0,3,Skoog Miss. Margit Elizabeth,female,2
494,1,1,Harper Mr. Henry Sleeper,male,48
495,0,3,Cor Mr. Liudevit,male,19
496,1,1,Simonius-Blumer Col. Oberst Alfons,male,56
497,1,3,Stanley Miss. Amy Zillah Elsie,female,23
498,1,2,Doling Miss. Elsie,female,18
499,0,3,Kalvik Mr. Johannes Halvorsen,male,21
500,0,3,"Hegarty Miss. Hanora ""Nora""",female,18
501,0,2,Hickman Mr. Leonard Mark,male,24
502,0,3,Bourke Mrs. John (Catherine),female,32
503,0,2,Eitemiller Mr. George Floyd,male,23
504,0,1,Newell Mr. Arthur Webster,male,58
505,1,1,Frauenthal Dr. Henry William,male,50
506,0,3,Badt Mr. Mohamed,male,40
507,0,1,Colley Mr. Edward Pomeroy,male,47
508,0,3,Coleff Mr. Peju,male,36
509,1,3,Lindqvist Mr. Eino William,male,20
510,0,2,Hickman Mr. Lewis,male,32
511,0,2,Butler Mr. Reginald Fenton,male,25
512,0,3,Cook Mr. Jacob,male,43
513,1,2,Brown Mrs. Thomas William Solomon (Elizabeth Catherine Ford),female,40
514,0,1,Davidson Mr. Thornton,male,31
515,0,2,Mitchell Mr. Henry Michael,male,70
516,1,2,Wilhelms Mr. Charles,male,31
517,0,3,Edvardsson Mr. Gustaf Hjalmar,male,18
518,1,3,Turja Miss. Anna Sofia,female,18
519,0,3,Goodwin Mrs. Frederick (Augusta Tyler),female,43
520,1,1,Cardeza Mr. Thomas Drake Martinez,male,36
521,1,1,Hassab Mr. Hammad,male,27
522,0,3,Olsvigen Mr. Thor Anderson,male,20
523,0,3,Goodwin Mr. Charles Edward,male,14
524,0,2,Brown Mr. Thomas William Solomon,male,60
525,0,2,Laroche Mr. Joseph Philippe Lemercier,male,25
526,0,3,Panula Mr. Jaako Arnold,male,14
527,0,3,Dakic Mr. Branko,male,19
528,0,3,Fischer Mr. Eberhard Thelander,male,18
529,1,1,Madill Miss. Georgette Alexandra,female,15
530,1,1,Dick Mr. Albert Adrian,male,31
531,1,3,Karun Miss. Manca,female,4
532,0,3,Saad Mr. Khalil,male,25
533,0,1,Weir Col. John,male,60
534,0,2,Chapman Mr. Charles Henry,male,52
535,0,3,Kelly Mr. James,male,44
536,0,1,Thayer Mr. John Borland,male,49
537,0,3,Humblen Mr. Adolf Mathias Nicolai Olsen,male,42
538,1,1,Astor Mrs. John Jacob (Madeleine Talmadge Force),female,18
539,1,1,Silverthorne Mr. Spencer Victor,male,35
540,0,3,Barbara Miss. Saiide,female,18
541,0,3,Gallagher Mr. Martin,male,25
542,0,3,Hansen Mr. Henrik Juul,male,26
543,0,2,"Morley Mr. Henry Samuel (""Mr Henry Marshall"")",male,39
544,1,2,"Kelly Mrs. Florence ""Fannie""",female,45
545,1,1,Calderhead Mr. Edward Pennington,male,42
546,1,1,Cleaver Miss. Alice,female,22
547,1,1,"Mayne Mlle. Berthe Antonine (""Mrs de Villiers"")",female,24
548,1,1,Taylor Mr. Elmer Zebley,male,48
549,0,3,Larsson Mr. August Viktor,male,29
550,0,2,Greenberg Mr. Samuel,male,52
551,0,3,Soholt Mr. Peter Andreas Lauritz Andersen,male,19
552,1,1,Endres Miss. Caroline Louise,female,38
553,1,2,"Troutt Miss. Edwina Celia ""Winnie""",female,27
554,0,3,Johnson Mr. Malkolm Joackim,male,33
555,1,2,"Harper Miss. Annie Jessie ""Nina""",female,6
556,0,3,Jensen Mr. Svend Lauritz,male,17
557,0,2,Gillespie Mr. William Henry,male,34
558,0,2,Hodges Mr. Henry Price,male,50
559,1,1,Chambers Mr. Norman Campbell,male,27
560,0,3,Oreskovic Mr. Luka,male,20
561,1,2,Renouf Mrs. Peter Henry (Lillian Jefferys),female,30
562,0,2,Bryhl Mr. Kurt Arnold Gottfrid,male,25
563,0,3,Ilmakangas Miss. Pieta Sofia,female,25
564,1,1,Allen Miss. Elisabeth Walton,female,29
565,0,3,Hassan Mr. Houssein G N,male,11
566,0,2,Berriman Mr. William John,male,23
567,0,2,Troupiansky Mr. Moses Aaron,male,23
568,0,3,Ford Mrs. Edward (Margaret Ann Watson),female,48
569,1,1,Lesurer Mr. Gustave J,male,35
570,0,1,Cavendish Mr. Tyrell William,male,36
571,1,1,"Ryerson Miss. Susan Parker ""Suzette""",female,21
572,0,3,McNamee Mr. Neal,male,24
573,1,3,Stranden Mr. Juho,male,31
574,0,1,Crosby Capt. Edward Gifford,male,70
575,0,3,Abbott Mr. Rossmore Edward,male,16
576,1,2,Sinkkonen Miss. Anna,female,30
577,0,1,Marvin Mr. Daniel Warner,male,19
578,0,3,Connaghton Mr. Michael,male,31
579,1,2,Wells Miss. Joan,female,4
580,1,3,Moor Master. Meier,male,6
581,0,3,Vande Velde Mr. Johannes Joseph,male,33
582,0,3,Jonkoff Mr. Lalio,male,23
583,1,2,Herman Mrs. Samuel (Jane Laver),female,48
584,0,3,Carlsson Mr. August Sigfrid,male,28
585,0,2,Bailey Mr. Percy Andrew,male,18
586,0,3,Theobald Mr. Thomas Leonard,male,34
587,1,1,Rothes the Countess. of (Lucy Noel Martha Dyer-Edwards),female,33
588,0,3,Nirva Mr. Iisakki Antino Aijo,male,41
589,1,3,Barah Mr. Hanna Assi,male,20
590,1,1,Carter Mrs. William Ernest (Lucile Polk),female,36
591,0,3,Eklund Mr. Hans Linus,male,16
592,1,1,Hogeboom Mrs. John C (Anna Andrews),female,51
593,0,3,Gronnestad Mr. Daniel Danielsen,male,32
594,0,3,Lievens Mr. Rene Aime,male,24
595,0,3,Jensen Mr. Niels Peder,male,48
596,0,2,Mack Mrs. (Mary),female,57
597,1,2,Hocking Mrs. Elizabeth (Eliza Needs),female,54
598,0,3,Myhrman Mr. Pehr Fabian Oliver Malkolm,male,18
599,1,3,Emanuel Miss. Virginia Ethel,female,5
600,1,1,Robert Mrs. Edward Scott (Elisabeth Walton McMillan),female,43
601,1,3,Ayoub Miss. Banoura,female,13
602,1,1,Dick Mrs. Albert Adrian (Vera Gillespie),female,17
603,0,1,Long Mr. Milton Clyde,male,29
604,0,3,Ali Mr. William,male,25
605,0,3,Harmer Mr. Abraham (David Lishin),male,25
606,1,3,Sjoblom Miss. Anna Sofia,female,18
607,0,3,Rice Master. George Hugh,male,8
608,1,3,Dean Master. Bertram Vere,male,1
609,0,1,Guggenheim Mr. Benjamin,male,46
610,0,2,Gaskell Mr. Alfred,male,16
611,0,3,Dantcheff Mr. Ristiu,male,25
612,0,2,Otter Mr. Richard,male,39
613,1,1,Leader Dr. Alice (Farnham),female,49
614,1,3,Osman Mrs. Mara,female,31
615,0,3,Ibrahim Shawah Mr. Yousseff,male,30
616,0,3,Van Impe Mrs. Jean Baptiste (Rosalie Paula Govaert),female,30
617,0,2,Ponesell Mr. Martin,male,34
618,1,2,Collyer Mrs. Harvey (Charlotte Annie Tate),female,31
619,1,1,Carter Master. William Thornton II,male,11
620,1,3,Hedman Mr. Oskar Arvid,male,27
621,0,3,Johansson Mr. Karl Johan,male,31
622,0,1,Andrews Mr. Thomas Jr,male,39
623,0,3,Pettersson Miss. Ellen Natalia,female,18
624,0,2,Meyer Mr. August,male,39
625,1,1,Chambers Mrs. Norman Campbell (Bertha Griggs),female,33
626,0,3,Alexander Mr. William,male,26
627,0,3,Lester Mr. James,male,39
628,0,2,Slemen Mr. Richard James,male,35
629,0,3,Andersson Miss. Ebba Iris Alfrida,female,6
630,0,3,Heininen Miss. Wendla Maria,female,23
631,0,2,Mallet Mr. Albert,male,31
632,0,3,Holm Mr. John Fredrik Alexander,male,43
633,0,3,Skoog Master. Karl Thorsten,male,10
634,1,1,Hays Mrs. Charles Melville (Clara Jennings Gregg),female,52
635,1,3,Lulic Mr. Nikola,male,27
636,0,1,Reuchlin Jonkheer. John George,male,38
637,1,3,Moor Mrs. (Beila),female,27
638,0,3,Panula Master. Urho Abraham,male,2
639,1,2,Mallet Master. Andre,male,1
640,1,1,Stone Mrs. George Nelson (Martha Evelyn),female,62
641,1,3,Yasbeck Mrs. Antoni (Selini Alexander),female,15
642,0,3,Augustsson Mr. Albert,male,23
643,0,3,Allum Mr. Owen George,male,18
644,1,1,Compton Miss. Sara Rebecca,female,39
645,0,3,Pasic Mr. Jakob,male,21
646,1,3,Chip Mr. Chang,male,32
647,0,3,Alhomaki Mr. Ilmari Rudolf,male,20
648,0,2,Mudd Mr. Thomas Charles,male,16
649,1,1,Serepeca Miss. Augusta,female,30
650,0,3,Culumovic Mr. Jeso,male,17
651,0,3,Abbing Mr. Anthony,male,42
652,0,3,Markoff Mr. Marin,male,35
653,0,2,Harper Rev. John,male,28
654,0,3,Andersson Master. Sigvard Harald Elias,male,4
655,0,3,Svensson Mr. Johan,male,74
656,0,3,Boulos Miss. Nourelain,female,9
657,1,1,Lines Miss. Mary Conover,female,16
658,0,2,Carter Mrs. Ernest Courtenay (Lilian Hughes),female,44
659,1,3,Aks Mrs. Sam (Leah Rosen),female,18
660,1,1,Wick Mrs. George Dennick (Mary Hitchcock),female,45
661,1,1,Daly Mr. Peter Denis ,male,51
662,1,3,Baclini Mrs. Solomon (Latifa Qurban),female,24
663,0,3,Hansen Mr. Claus Peter,male,41
664,0,2,Giles Mr. Frederick Edward,male,21
665,1,1,Swift Mrs. Frederick Joel (Margaret Welles Barron),female,48
666,0,2,Gill Mr. John William,male,24
667,1,2,Bystrom Mrs. (Karolina),female,42
668,1,2,Duran y More Miss. Asuncion,female,27
669,0,1,Roebling Mr. Washington Augustus II,male,31
670,1,3,Johnson Master. Harold Theodor,male,4
671,0,3,Balkic Mr. Cerin,male,26
672,1,1,Beckwith Mrs. Richard Leonard (Sallie Monypeny),female,47
673,0,1,Carlsson Mr. Frans Olof,male,33
674,0,3,Vander Cruyssen Mr. Victor,male,47
675,1,2,Abelson Mrs. Samuel (Hannah Wizosky),female,28
676,1,3,"Najib Miss. Adele Kiamie ""Jane""",female,15
677,0,3,Gustafsson Mr. Alfred Ossian,male,20
678,0,3,Petroff Mr. Nedelio,male,19
679,1,1,Potter Mrs. Thomas Jr (Lily Alexenia Wilson),female,56
680,1,2,Shelley Mrs. William (Imanita Parrish Hall),female,25
681,0,3,Markun Mr. Johann,male,33
682,0,3,Dahlberg Miss. Gerda Ulrika,female,22
683,0,2,Banfield Mr. Frederick James,male,28
684,0,3,Sutehall Mr. Henry Jr,male,25
685,0,3,Rice Mrs. William (Margaret Norton),female,39
686,0,2,Montvila Rev. Juozas,male,27
687,1,1,Graham Miss. Margaret Edith,female,19
688,1,1,Behr Mr. Karl Howell,male,26
689,0,3,Dooley Mr. Patrick,male,32
